1,Shaheed Sthal (New Bus Adda),Kirti Nagar
2,Shaheed Sthal (New Bus Adda),Kirti Nagar
3,Shaheed Sthal (New Bus Adda),Kirti Nagar
4,Shaheed Sthal (New Bus Adda),Kirti Nagar
5,Central Secretariat,Dwarka Sector 21
6,Azadpur,Mandi House
7,Central Secretariat,Dwarka Sector 21
8,Central Secretariat,Dwarka Sector 21
9,Central Secretariat,Dwarka Sector 21
10,Central Secretariat,Dwarka Sector 21
11,Central Secretariat,Dwarka Sector 21
12,Central Secretariat,Dwarka Sector 21
13,Central Secretariat,Dwarka Sector 21
14,Central Secretariat,Dwarka Sector 21
15,Shaheed Sthal (New Bus Adda),Kirti Nagar
16,Welcome,Inderlok
17,Welcome,Inderlok
18,Inderlok,Welcome
19,Inderlok,Welcome
20,Inderlok,Welcome
21,Welcome,Inderlok
22,Inderlok,Welcome
23,Inderlok,Welcome
